tenure,monthlycharges,totalcharges,churn,tenure_group,monthly_charge_segment,contract,internetservice
1,29.85,29.85,No,New,Low,Month-to-month,DSL
34,56.95,1889.5,No,Regular,Medium,One year,DSL
2,53.85,108.15,Yes,New,Medium,Month-to-month,DSL
45,42.3,1840.75,No,Loyal,Medium,One year,DSL
2,70.7,151.65,Yes,New,High,Month-to-month,Fiber optic
8,99.65,820.5,Yes,New,High,Month-to-month,Fiber optic
22,89.1,1949.4,No,Regular,High,Month-to-month,Fiber optic
10,29.75,301.9,No,New,Low,Month-to-month,DSL
28,104.8,3046.05,Yes,Regular,High,Month-to-month,Fiber optic
62,56.15,3487.95,No,Champion,Medium,One year,DSL
13,49.95,587.45,No,Regular,Medium,Month-to-month,DSL
16,18.95,326.8,No,Regular,Low,Two year,No
58,100.35,5681.1,No,Loyal,High,One year,Fiber optic
49,103.7,5036.3,Yes,Loyal,High,Month-to-month,Fiber optic
25,105.5,2686.05,No,Regular,High,Month-to-month,Fiber optic
69,113.25,7895.15,No,Champion,High,Two year,Fiber optic
52,20.65,1022.95,No,Loyal,Low,One year,No
71,106.7,7382.25,No,Champion,High,Two year,Fiber optic
10,55.2,528.35,Yes,New,Medium,Month-to-month,DSL
21,90.05,1862.9,No,Regular,High,Month-to-month,Fiber optic
1,39.65,39.65,Yes,New,Medium,Month-to-month,DSL
12,19.8,202.25,No,New,Low,One year,No
1,20.15,20.15,Yes,New,Low,Month-to-month,No
58,59.9,3505.1,No,Loyal,Medium,Two year,DSL
49,59.6,2970.3,No,Loyal,Medium,Month-to-month,DSL
30,55.3,1530.6,No,Regular,Medium,Month-to-month,DSL
47,99.35,4749.15,Yes,Loyal,High,Month-to-month,Fiber optic
1,30.2,30.2,Yes,New,Medium,Month-to-month,DSL
72,90.25,6369.45,No,Champion,High,Two year,DSL
17,64.7,1093.1,Yes,Regular,Medium,Month-to-month,DSL
71,96.35,6766.95,No,Champion,High,Two year,Fiber optic
2,95.5,181.65,No,New,High,Month-to-month,Fiber optic
27,66.15,1874.45,No,Regular,Medium,One year,DSL
1,20.2,20.2,No,New,Low,Month-to-month,No
1,45.25,45.25,No,New,Medium,Month-to-month,DSL
72,99.9,7251.7,No,Champion,High,Two year,Fiber optic
5,69.7,316.9,Yes,New,Medium,Month-to-month,Fiber optic
46,74.8,3548.3,No,Loyal,High,Month-to-month,Fiber optic
34,106.35,3549.25,Yes,Regular,High,Month-to-month,Fiber optic
11,97.85,1105.4,Yes,New,High,Month-to-month,Fiber optic
10,49.55,475.7,No,New,Medium,One year,DSL
70,69.2,4872.35,No,Champion,Medium,Two year,DSL
17,20.75,418.25,No,Regular,Low,One year,No
63,79.85,4861.45,No,Champion,High,Two year,DSL
13,76.2,981.45,No,Regular,High,Month-to-month,DSL
49,84.5,3906.7,No,Loyal,High,Month-to-month,Fiber optic
2,49.25,97.0,No,New,Medium,Month-to-month,DSL
2,80.65,144.15,Yes,New,High,Month-to-month,Fiber optic
52,79.75,4217.8,No,Loyal,High,Two year,DSL
69,64.15,4254.1,No,Champion,Medium,Two year,DSL
43,90.25,3838.75,No,Loyal,High,Month-to-month,Fiber optic
15,99.1,1426.4,Yes,Regular,High,Month-to-month,Fiber optic
25,69.5,1752.65,No,Regular,Medium,Month-to-month,DSL
8,80.65,633.3,Yes,New,High,Month-to-month,Fiber optic
60,74.85,4456.35,No,Loyal,High,One year,DSL
18,95.45,1752.55,Yes,Regular,High,Month-to-month,Fiber optic
63,99.65,6311.2,No,Champion,High,One year,Fiber optic
66,108.45,7076.35,No,Champion,High,One year,Fiber optic
34,24.95,894.3,No,Regular,Low,Two year,No
72,107.5,7853.7,No,Champion,High,Two year,Fiber optic
47,100.5,4707.1,No,Loyal,High,Month-to-month,Fiber optic
60,89.9,5450.7,No,Loyal,High,Month-to-month,Fiber optic
72,42.1,2962.0,No,Champion,Medium,Two year,DSL
18,54.4,957.1,No,Regular,Medium,One year,DSL
9,94.4,857.25,Yes,New,High,Month-to-month,Fiber optic
3,75.3,244.1,No,New,High,Month-to-month,DSL
47,78.9,3650.35,No,Loyal,High,One year,Fiber optic
31,79.2,2497.2,No,Regular,High,Two year,DSL
50,20.15,930.9,No,Loyal,Low,Two year,No
10,79.85,887.35,No,New,High,Month-to-month,Fiber optic
1,49.05,49.05,No,New,Medium,Month-to-month,DSL
52,20.4,1090.65,No,Loyal,Low,One year,No
64,111.6,7099.0,No,Champion,High,Two year,Fiber optic
62,24.25,1424.6,No,Champion,Low,Two year,No
3,64.5,177.4,No,New,Medium,Month-to-month,DSL
56,110.5,6139.5,No,Loyal,High,One year,Fiber optic
46,55.65,2688.85,No,Loyal,Medium,One year,DSL
8,54.65,482.25,No,New,Medium,Month-to-month,DSL
30,74.75,2111.3,No,Regular,High,Month-to-month,DSL
45,25.9,1216.6,No,Loyal,Low,One year,No
1,79.35,79.35,Yes,New,High,Month-to-month,Fiber optic
11,50.55,565.35,No,New,Medium,Month-to-month,DSL
7,75.15,496.9,Yes,New,High,Month-to-month,Fiber optic
42,103.8,4327.5,No,Loyal,High,Month-to-month,Fiber optic
49,20.15,973.35,No,Loyal,Low,Two year,No
9,99.3,918.75,No,New,High,Month-to-month,Fiber optic
35,62.15,2215.45,No,Regular,Medium,One year,DSL
48,20.65,1057.0,No,Loyal,Low,Two year,No
46,19.95,927.1,No,Loyal,Low,Two year,No
29,33.75,1009.25,No,Regular,Medium,Month-to-month,DSL
30,82.05,2570.2,No,Regular,High,Month-to-month,Fiber optic
1,74.7,74.7,No,New,High,Month-to-month,Fiber optic
66,84.0,5714.25,No,Champion,High,Two year,DSL
65,111.05,7107.0,No,Champion,High,Month-to-month,Fiber optic
72,100.9,7459.05,No,Champion,High,Two year,Fiber optic
12,78.95,927.35,Yes,New,High,Month-to-month,Fiber optic
71,66.85,4748.7,No,Champion,Medium,One year,DSL
5,21.05,113.85,Yes,New,Low,Month-to-month,No
52,21.0,1107.2,No,Loyal,Low,Two year,No
25,98.5,2514.5,Yes,Regular,High,Month-to-month,Fiber optic
1,20.2,20.2,No,New,Low,Month-to-month,No
1,19.45,19.45,No,New,Low,Month-to-month,No
38,95.0,3605.6,No,Loyal,High,One year,Fiber optic
66,45.55,3027.25,No,Champion,Medium,One year,DSL
68,110.0,7611.85,Yes,Champion,High,Two year,Fiber optic
5,24.3,100.2,No,New,Low,Month-to-month,DSL
72,104.15,7303.05,No,Champion,High,One year,Fiber optic
32,30.15,927.65,No,Regular,Medium,One year,DSL
43,94.35,3921.3,No,Loyal,High,One year,Fiber optic
72,19.4,1363.25,No,Champion,Low,Two year,No
55,96.75,5238.9,Yes,Loyal,High,Month-to-month,Fiber optic
52,57.95,3042.25,No,Loyal,Medium,One year,DSL
43,91.65,3954.1,No,Loyal,High,Month-to-month,Fiber optic
37,76.5,2868.15,Yes,Loyal,High,Month-to-month,Fiber optic
64,54.6,3423.5,No,Champion,Medium,Two year,DSL
3,89.85,248.4,No,New,High,Month-to-month,Fiber optic
36,31.05,1126.35,No,Regular,Medium,Two year,DSL
10,100.25,1064.65,Yes,New,High,Month-to-month,Fiber optic
41,20.65,835.15,No,Loyal,Low,Two year,No
27,85.2,2151.6,No,Regular,High,Month-to-month,Fiber optic
56,99.8,5515.45,No,Loyal,High,One year,Fiber optic
6,20.7,112.75,No,New,Low,Month-to-month,No
3,74.4,229.55,Yes,New,High,Month-to-month,Fiber optic
7,50.7,350.35,No,New,Medium,Month-to-month,DSL
4,20.85,62.9,No,New,Low,Month-to-month,No
33,88.95,3027.65,No,Regular,High,Two year,Fiber optic
27,78.05,2135.5,Yes,Regular,High,Month-to-month,Fiber optic
72,23.55,1723.95,No,Champion,Low,Two year,No
1,19.75,19.75,No,New,Low,Month-to-month,No
71,56.45,3985.35,No,Champion,Medium,One year,DSL
13,85.95,1215.65,No,Regular,High,Month-to-month,Fiber optic
25,58.6,1502.65,Yes,Regular,Medium,Month-to-month,DSL
67,50.55,3260.1,No,Champion,Medium,Two year,DSL
1,35.45,35.45,Yes,New,Medium,Month-to-month,DSL
2,44.35,81.25,Yes,New,Medium,Month-to-month,DSL
43,25.7,1188.2,No,Loyal,Low,Two year,No
23,75.0,1778.5,No,Regular,High,Month-to-month,Fiber optic
64,20.2,1277.75,No,Champion,Low,Two year,No
57,19.6,1170.55,No,Loyal,Low,Two year,No
1,70.45,70.45,Yes,New,High,Month-to-month,Fiber optic
72,88.05,6425.65,No,Champion,High,Two year,DSL
8,71.15,563.65,Yes,New,High,Month-to-month,DSL
61,101.05,5971.25,No,Champion,High,Two year,Fiber optic
64,84.3,5289.05,No,Champion,High,One year,Fiber optic
71,23.95,1756.2,No,Champion,Low,Two year,No
65,99.05,6416.7,No,Champion,High,Two year,Fiber optic
3,19.6,61.35,No,New,Low,One year,No
1,45.65,45.65,Yes,New,Medium,Month-to-month,DSL
30,64.5,1929.95,No,Regular,Medium,One year,DSL
15,69.5,1071.4,No,Regular,Medium,Month-to-month,DSL
8,68.55,564.35,No,New,Medium,Month-to-month,DSL
7,95.0,655.5,Yes,New,High,Month-to-month,Fiber optic
70,108.15,7930.55,No,Champion,High,One year,Fiber optic
62,86.1,5215.25,No,Champion,High,Two year,DSL
6,19.7,113.5,No,New,Low,Month-to-month,No
14,80.9,1152.8,No,Regular,High,Month-to-month,Fiber optic
22,84.15,1821.95,No,Regular,High,Month-to-month,Fiber optic
22,20.15,419.9,No,Regular,Low,One year,No
16,64.25,1024.0,No,Regular,Medium,Two year,DSL
10,25.7,251.6,No,New,Low,Two year,No
13,56.0,764.55,No,Regular,Medium,Month-to-month,DSL
20,82.4,1592.35,Yes,Regular,High,Month-to-month,Fiber optic
2,69.7,135.2,No,New,Medium,Month-to-month,Fiber optic
53,73.9,3958.25,No,Loyal,High,Two year,DSL
11,20.6,233.9,No,New,Low,One year,No
69,19.9,1363.45,No,Champion,Low,Two year,No
4,70.9,273.0,Yes,New,High,Month-to-month,Fiber optic
72,89.05,6254.45,No,Champion,High,Two year,DSL
58,45.3,2651.2,Yes,Loyal,Medium,Month-to-month,DSL
16,20.4,321.4,No,Regular,Low,Month-to-month,No
43,84.25,3539.25,No,Loyal,High,One year,Fiber optic
2,104.4,242.8,Yes,New,High,Month-to-month,Fiber optic
14,81.95,1181.75,No,Regular,High,Two year,DSL
53,94.85,5000.2,Yes,Loyal,High,One year,Fiber optic
32,20.55,654.55,No,Regular,Low,One year,No
34,24.7,780.2,No,Regular,Low,Month-to-month,No
15,74.45,1145.7,Yes,Regular,High,Month-to-month,Fiber optic
7,76.45,503.6,Yes,New,High,Month-to-month,Fiber optic
15,105.35,1559.25,No,Regular,High,Month-to-month,Fiber optic
61,20.55,1252.0,No,Champion,Low,One year,No
1,29.95,29.95,Yes,New,Low,Month-to-month,DSL
1,45.3,45.3,No,New,Medium,Month-to-month,DSL
8,84.5,662.65,Yes,New,High,Month-to-month,Fiber optic
33,74.75,2453.3,No,Regular,High,One year,DSL
13,79.25,1111.65,Yes,Regular,High,Month-to-month,Fiber optic
1,24.8,24.8,Yes,New,Low,Month-to-month,DSL
20,51.8,1023.85,No,Regular,Medium,Month-to-month,DSL
3,30.4,82.15,No,New,Medium,Month-to-month,DSL
13,19.65,244.8,No,Regular,Low,One year,No
40,56.6,2379.1,No,Loyal,Medium,Month-to-month,DSL
43,71.9,3173.35,No,Loyal,High,One year,DSL
6,91.0,531.0,Yes,New,High,Month-to-month,Fiber optic
69,19.75,1375.4,No,Champion,Low,Two year,No
72,109.7,8129.3,No,Champion,High,Two year,Fiber optic
59,19.3,1192.7,No,Loyal,Low,Two year,No
20,96.55,1901.65,No,Regular,High,Month-to-month,Fiber optic
24,24.1,587.4,No,Regular,Low,Two year,No
59,111.35,6519.75,No,Loyal,High,Month-to-month,Fiber optic
72,112.25,8041.65,No,Champion,High,Two year,Fiber optic
1,20.75,20.75,No,New,Low,Month-to-month,No
27,101.9,2681.15,No,Regular,High,One year,Fiber optic
14,80.05,1112.3,No,Regular,High,Month-to-month,Fiber optic
71,105.55,7405.5,No,Champion,High,Two year,Fiber optic
13,78.3,1033.95,No,Regular,High,Month-to-month,Fiber optic
44,68.85,2958.95,No,Loyal,Medium,Month-to-month,Fiber optic
33,79.95,2684.85,No,Regular,High,One year,Fiber optic
72,55.45,4179.2,No,Champion,Medium,Two year,DSL
1,79.9,79.9,Yes,New,High,Month-to-month,Fiber optic
19,106.6,1934.45,Yes,Regular,High,Month-to-month,Fiber optic
64,102.45,6654.1,No,Champion,High,One year,Fiber optic
2,46.0,84.5,Yes,New,Medium,Month-to-month,DSL
1,25.25,25.25,No,New,Low,Month-to-month,DSL
61,19.75,1124.2,No,Champion,Low,Two year,No
29,20.0,540.05,No,Regular,Low,One year,No
23,86.8,1975.85,No,Regular,High,Month-to-month,Fiber optic
57,58.75,3437.45,No,Loyal,Medium,Month-to-month,DSL
72,45.25,3139.8,No,Champion,Medium,Two year,DSL
66,56.6,3789.2,No,Champion,Medium,Two year,DSL
65,84.2,5324.5,No,Champion,High,Two year,DSL
8,80.0,624.6,No,New,High,Month-to-month,Fiber optic
4,70.15,268.35,Yes,New,High,Month-to-month,Fiber optic
71,24.75,1836.9,No,Champion,Low,Two year,No
1,20.2,20.2,No,New,Low,One year,No
4,50.05,179.35,Yes,New,Medium,Month-to-month,DSL
12,19.35,219.35,No,New,Low,One year,No
24,50.6,1288.75,No,Regular,Medium,One year,DSL
31,81.15,2545.75,No,Regular,High,One year,DSL
1,55.2,55.2,Yes,New,Medium,Month-to-month,DSL
30,89.9,2723.15,No,Regular,High,Month-to-month,Fiber optic
47,85.3,4107.25,No,Loyal,High,Two year,DSL
54,108.0,5760.65,No,Loyal,High,Two year,Fiber optic
50,93.5,4747.5,No,Loyal,High,Month-to-month,Fiber optic
1,84.6,84.6,Yes,New,High,Month-to-month,Fiber optic
72,20.25,1566.9,No,Champion,Low,Two year,No
29,25.15,702.0,No,Regular,Low,Month-to-month,No
2,54.4,114.1,Yes,New,Medium,Month-to-month,DSL
10,29.6,299.05,No,New,Low,Two year,DSL
18,73.15,1305.95,No,Regular,High,Month-to-month,Fiber optic
11,95.0,1120.3,Yes,New,High,Month-to-month,Fiber optic
16,19.75,284.35,No,Regular,Low,Two year,No
72,86.6,6350.5,No,Champion,High,Two year,DSL
72,109.2,7878.3,No,Champion,High,Two year,Fiber optic
41,74.7,3187.65,No,Loyal,High,One year,DSL
65,94.4,6126.15,No,Champion,High,Month-to-month,Fiber optic
13,54.8,731.3,No,Regular,Medium,Month-to-month,DSL
4,75.35,273.4,No,New,High,Month-to-month,Fiber optic
41,65.0,2531.8,No,Loyal,Medium,One year,DSL
15,74.4,1074.3,Yes,Regular,High,Month-to-month,Fiber optic
1,48.55,48.55,Yes,New,Medium,Month-to-month,DSL
42,99.0,4298.45,No,Loyal,High,One year,Fiber optic
51,93.5,4619.55,No,Loyal,High,One year,Fiber optic
2,70.4,147.15,Yes,New,High,Month-to-month,Fiber optic
1,40.2,40.2,Yes,New,Medium,Month-to-month,DSL
32,83.7,2633.3,No,Regular,High,One year,DSL
10,19.85,193.05,No,New,Low,Month-to-month,No
67,59.55,4103.9,No,Champion,Medium,Two year,DSL
61,115.1,7008.15,No,Champion,High,Two year,Fiber optic
50,114.35,5791.1,No,Loyal,High,One year,Fiber optic
2,44.6,80.55,Yes,New,Medium,Month-to-month,DSL
29,45.0,1228.65,No,Regular,Medium,Month-to-month,DSL
3,41.15,132.2,Yes,New,Medium,Month-to-month,DSL
13,106.9,1364.3,Yes,Regular,High,Month-to-month,Fiber optic
57,89.85,4925.35,No,Loyal,High,Month-to-month,Fiber optic
31,49.85,1520.1,No,Regular,Medium,Two year,DSL
45,113.3,5032.25,No,Loyal,High,One year,Fiber optic
61,88.1,5526.75,No,Champion,High,Two year,DSL
50,24.9,1195.25,No,Loyal,Low,Two year,No
19,105.0,2007.25,No,Regular,High,Month-to-month,Fiber optic
59,19.35,1099.6,Yes,Loyal,Low,Two year,No
71,24.25,1732.95,No,Champion,Low,Two year,No
16,94.45,1511.2,Yes,Regular,High,Month-to-month,Fiber optic
57,59.75,3450.15,No,Loyal,Medium,Two year,DSL
1,24.8,24.8,Yes,New,Low,Month-to-month,DSL
20,107.05,2172.05,No,Regular,High,Month-to-month,Fiber optic
1,70.6,70.6,Yes,New,High,Month-to-month,Fiber optic
5,85.4,401.1,Yes,New,High,Month-to-month,Fiber optic
52,105.05,5624.85,Yes,Loyal,High,Month-to-month,Fiber optic
21,64.95,1339.8,No,Regular,Medium,Month-to-month,DSL
14,55.0,771.95,No,Regular,Medium,Month-to-month,DSL
5,50.55,244.75,No,New,Medium,Month-to-month,DSL
6,55.15,322.9,No,New,Medium,Month-to-month,DSL
10,51.2,498.25,No,New,Medium,Month-to-month,DSL
1,25.4,25.4,No,New,Low,Month-to-month,No
68,54.45,3687.75,No,Champion,Medium,Month-to-month,DSL
18,95.15,1779.95,Yes,Regular,High,Month-to-month,Fiber optic
22,76.0,1783.6,No,Regular,High,One year,Fiber optic
20,44.35,927.15,No,Regular,Medium,Month-to-month,DSL
1,70.0,70.0,Yes,New,High,Month-to-month,Fiber optic
8,74.5,606.55,Yes,New,High,Month-to-month,Fiber optic
10,44.85,435.4,Yes,New,Medium,Month-to-month,DSL
24,76.1,1712.7,Yes,Regular,High,Month-to-month,Fiber optic
35,61.2,2021.2,No,Regular,Medium,One year,DSL
23,86.8,1940.8,No,Regular,High,One year,Fiber optic
6,89.35,567.8,No,New,High,Month-to-month,Fiber optic
12,19.7,220.35,No,New,Low,Month-to-month,No
1,20.25,20.25,No,New,Low,Month-to-month,No
71,76.05,5436.45,No,Champion,High,Two year,Fiber optic
35,100.8,3437.5,No,Regular,High,Month-to-month,Fiber optic
40,74.55,3015.75,No,Loyal,High,Month-to-month,DSL
1,73.6,73.6,Yes,New,High,Month-to-month,Fiber optic
23,64.9,1509.8,No,Regular,Medium,One year,DSL
4,95.45,396.1,Yes,New,High,Month-to-month,Fiber optic
4,90.4,356.65,No,New,High,Month-to-month,Fiber optic
68,60.3,4109.0,No,Champion,Medium,Two year,DSL
38,81.85,3141.7,No,Loyal,High,Month-to-month,Fiber optic
52,24.8,1229.1,No,Loyal,Low,Two year,No
32,74.9,2303.35,Yes,Regular,High,Month-to-month,Fiber optic
29,75.55,2054.4,No,Regular,High,Two year,DSL
38,101.15,3741.85,No,Loyal,High,Month-to-month,Fiber optic
48,78.75,3682.45,No,Loyal,High,One year,DSL
1,19.25,19.25,No,New,Low,Month-to-month,No
22,89.05,1886.25,No,Regular,High,Month-to-month,Fiber optic
43,115.05,4895.1,No,Loyal,High,Two year,Fiber optic
5,69.35,341.6,No,New,Medium,Month-to-month,Fiber optic
5,80.6,415.55,Yes,New,High,Month-to-month,Fiber optic
51,110.05,5686.4,No,Loyal,High,One year,Fiber optic
71,19.9,1355.1,No,Champion,Low,Two year,No
38,80.3,3058.65,Yes,Loyal,High,One year,DSL
24,93.15,2231.05,Yes,Regular,High,Month-to-month,Fiber optic
35,91.5,3236.35,No,Regular,High,Month-to-month,Fiber optic
54,82.45,4350.1,Yes,Loyal,High,One year,DSL
72,60.0,4264.0,No,Champion,Medium,Two year,DSL
1,44.8,44.8,No,New,Medium,Month-to-month,DSL
9,48.6,422.3,No,New,Medium,One year,DSL
69,60.05,4176.7,No,Champion,Medium,Two year,DSL
52,102.7,5138.1,No,Loyal,High,Month-to-month,Fiber optic
11,82.9,880.05,No,New,High,Month-to-month,Fiber optic
2,70.35,139.05,Yes,New,High,Month-to-month,Fiber optic
28,35.9,973.65,No,Regular,Medium,Month-to-month,DSL
17,82.65,1470.05,No,Regular,High,Month-to-month,Fiber optic
35,19.85,739.35,No,Regular,Low,Two year,No
8,19.2,161.95,No,New,Low,One year,No
46,94.9,4422.95,No,Loyal,High,One year,Fiber optic
7,73.85,511.25,Yes,New,High,Month-to-month,Fiber optic
2,80.6,155.8,Yes,New,High,Month-to-month,Fiber optic
68,75.8,5293.95,Yes,Champion,High,One year,DSL
43,104.6,4759.85,Yes,Loyal,High,Two year,Fiber optic
68,88.15,6148.45,No,Champion,High,Two year,DSL
36,94.8,3565.65,No,Regular,High,Month-to-month,Fiber optic
63,103.4,6603.0,Yes,Champion,High,Month-to-month,Fiber optic
32,54.65,1830.1,No,Regular,Medium,Month-to-month,DSL
71,85.75,6223.8,No,Champion,High,Two year,DSL
66,67.45,4508.65,No,Champion,Medium,Month-to-month,DSL
63,20.5,1328.15,No,Champion,Low,One year,No
41,20.25,865.0,No,Loyal,Low,One year,No
1,72.1,72.1,No,New,High,Month-to-month,Fiber optic
2,90.4,168.2,Yes,New,High,Month-to-month,Fiber optic
70,19.45,1303.5,No,Champion,Low,Two year,No
23,44.95,996.85,No,Regular,Medium,Month-to-month,DSL
64,97.0,6430.9,No,Champion,High,One year,Fiber optic
37,62.8,2278.75,No,Loyal,Medium,Two year,DSL
17,44.6,681.4,No,Regular,Medium,One year,DSL
7,89.15,574.35,No,New,High,Month-to-month,Fiber optic
4,84.8,371.9,Yes,New,High,Month-to-month,Fiber optic
21,41.9,840.1,Yes,Regular,Medium,Month-to-month,DSL
10,80.25,846.0,Yes,New,High,Month-to-month,Fiber optic
16,54.1,889.0,No,Regular,Medium,Month-to-month,DSL
64,105.25,6823.4,No,Champion,High,Two year,Fiber optic
27,30.75,805.1,Yes,Regular,Medium,Month-to-month,DSL
42,97.1,4016.75,No,Loyal,High,One year,Fiber optic
5,20.2,83.75,No,New,Low,Month-to-month,No
41,98.8,3959.15,No,Loyal,High,Two year,Fiber optic
58,50.3,2878.55,No,Loyal,Medium,One year,DSL
47,20.55,945.7,No,Loyal,Low,Two year,No
18,75.9,1373.05,No,Regular,High,Month-to-month,Fiber optic
5,96.5,492.55,Yes,New,High,Month-to-month,Fiber optic
23,59.95,1406.0,No,Regular,Medium,Month-to-month,DSL
1,19.15,19.15,No,New,Low,Month-to-month,No
71,98.65,6962.85,No,Champion,High,One year,Fiber optic
72,112.6,8126.65,No,Champion,High,Two year,Fiber optic
33,20.6,690.25,No,Regular,Low,One year,No
2,85.65,181.5,Yes,New,High,Month-to-month,Fiber optic
24,35.75,830.8,No,Regular,Medium,Two year,DSL
56,99.75,5608.4,No,Loyal,High,One year,Fiber optic
37,96.1,3646.8,No,Loyal,High,Month-to-month,Fiber optic
43,85.1,3662.25,No,Loyal,High,One year,DSL
1,25.35,25.35,No,New,Low,Month-to-month,DSL
25,104.95,2566.5,Yes,Regular,High,Month-to-month,Fiber optic
61,89.65,5308.7,No,Champion,High,Two year,DSL
17,86.75,1410.25,No,Regular,High,One year,Fiber optic
41,86.2,3339.05,No,Loyal,High,One year,Fiber optic
1,50.65,50.65,Yes,New,Medium,Month-to-month,DSL
72,64.8,4732.35,No,Champion,Medium,Two year,DSL
1,90.85,90.85,Yes,New,High,Month-to-month,Fiber optic
48,108.1,5067.45,No,Loyal,High,Two year,Fiber optic
11,19.95,214.75,Yes,New,Low,Month-to-month,No
55,85.45,4874.7,Yes,Loyal,High,Month-to-month,Fiber optic
42,54.75,2348.45,No,Loyal,Medium,One year,DSL
44,90.4,4063.0,No,Loyal,High,Month-to-month,Fiber optic
1,44.0,44.0,No,New,Medium,Month-to-month,DSL
27,95.6,2595.25,No,Regular,High,Month-to-month,Fiber optic
27,84.8,2309.55,No,Regular,High,Month-to-month,DSL
2,44.3,89.3,No,New,Medium,Month-to-month,DSL
19,19.9,367.55,No,Regular,Low,Month-to-month,No
42,95.05,3944.5,No,Loyal,High,Month-to-month,Fiber optic
66,90.05,5965.95,No,Champion,High,Two year,DSL
33,109.9,3694.7,No,Regular,High,Month-to-month,Fiber optic
34,73.95,2524.45,Yes,Regular,High,Month-to-month,Fiber optic
33,54.6,1803.7,No,Regular,Medium,Month-to-month,DSL
23,20.05,415.1,No,Regular,Low,One year,No
32,19.75,624.15,No,Regular,Low,One year,No
11,20.05,237.7,No,New,Low,One year,No
69,99.45,7007.6,Yes,Champion,High,Month-to-month,Fiber optic
68,55.9,3848.8,No,Champion,Medium,One year,DSL
20,19.7,419.4,No,Regular,Low,Two year,No
72,19.8,1468.75,No,Champion,Low,Two year,No
60,95.4,5812.0,No,Loyal,High,One year,Fiber optic
32,93.95,2861.45,No,Regular,High,Month-to-month,Fiber optic
1,19.9,19.9,Yes,New,Low,Month-to-month,No
1,19.6,19.6,Yes,New,Low,Month-to-month,No
3,81.35,233.7,Yes,New,High,Month-to-month,Fiber optic
46,24.45,1066.15,No,Loyal,Low,One year,No
29,74.95,2149.05,No,Regular,High,Month-to-month,Fiber optic
51,87.35,4473.0,No,Loyal,High,Month-to-month,Fiber optic
48,70.65,3545.05,No,Loyal,High,Month-to-month,Fiber optic
16,73.25,1195.75,No,Regular,High,Month-to-month,Fiber optic
70,98.7,6858.9,No,Champion,High,Two year,Fiber optic
40,24.8,1024.7,No,Loyal,Low,Two year,No
22,83.3,1845.9,Yes,Regular,High,Month-to-month,Fiber optic
1,75.3,75.3,Yes,New,High,Month-to-month,Fiber optic
5,24.3,132.25,No,New,Low,Month-to-month,No
7,69.85,515.45,No,New,Medium,Month-to-month,Fiber optic
29,100.55,2830.45,No,Regular,High,One year,Fiber optic
44,25.7,1110.5,No,Loyal,Low,One year,No
10,40.7,449.3,No,New,Medium,Month-to-month,DSL
55,51.65,2838.55,No,Loyal,Medium,Month-to-month,DSL
52,105.1,5376.4,No,Loyal,High,One year,Fiber optic
10,85.95,858.6,No,New,High,Month-to-month,Fiber optic
18,75.6,1395.05,No,Regular,High,Month-to-month,Fiber optic
68,58.25,3975.7,No,Champion,Medium,One year,DSL
61,19.4,1182.55,Yes,Champion,Low,Month-to-month,No
72,65.2,4784.45,No,Champion,Medium,Two year,DSL
2,53.45,119.5,No,New,Medium,Month-to-month,DSL
12,45.4,518.9,Yes,New,Medium,Month-to-month,DSL
41,19.75,899.45,No,Loyal,Low,Two year,No
26,44.45,1183.8,No,Regular,Medium,Month-to-month,DSL
36,20.85,720.05,No,Regular,Low,One year,No
72,114.05,8468.2,No,Champion,High,Two year,Fiber optic
35,89.85,3161.2,No,Regular,High,Month-to-month,Fiber optic
1,55.05,55.05,No,New,Medium,Month-to-month,DSL
16,112.95,1882.55,No,Regular,High,Month-to-month,Fiber optic
49,101.55,5070.4,No,Loyal,High,Month-to-month,Fiber optic
54,114.65,6049.5,No,Loyal,High,One year,Fiber optic
18,64.8,1166.7,No,Regular,Medium,Month-to-month,DSL
36,80.4,2937.65,No,Regular,High,Month-to-month,Fiber optic
60,105.9,6396.45,Yes,Loyal,High,Month-to-month,Fiber optic
1,69.55,69.55,Yes,New,Medium,Month-to-month,Fiber optic
52,25.05,1270.25,No,Loyal,Low,Two year,No
8,94.75,759.55,No,New,High,Month-to-month,Fiber optic
72,105.5,7611.55,No,Champion,High,Two year,Fiber optic
64,24.7,1642.75,No,Champion,Low,One year,No
22,69.75,1545.4,No,Regular,Medium,Month-to-month,DSL
60,60.2,3582.4,No,Loyal,Medium,Month-to-month,DSL
28,81.05,2227.1,Yes,Regular,High,Month-to-month,Fiber optic
61,24.4,1417.9,No,Champion,Low,Two year,No
24,104.15,2494.65,No,Regular,High,Month-to-month,Fiber optic
28,92.9,2768.35,No,Regular,High,One year,Fiber optic
30,80.8,2369.3,No,Regular,High,Two year,DSL
2,20.0,38.0,No,New,Low,Month-to-month,No
1,75.1,75.1,No,New,High,Month-to-month,Fiber optic
6,19.65,100.9,No,New,Low,Month-to-month,No
24,69.45,1614.05,No,Regular,Medium,Month-to-month,DSL
4,101.15,385.9,Yes,New,High,Month-to-month,Fiber optic
7,99.8,673.25,Yes,New,High,Month-to-month,Fiber optic
72,116.05,8404.9,No,Champion,High,Two year,Fiber optic
70,40.05,2799.75,No,Champion,Medium,Two year,DSL
64,102.1,6538.45,No,Champion,High,Two year,Fiber optic
72,89.7,6588.95,No,Champion,High,One year,Fiber optic
44,19.9,868.1,No,Loyal,Low,Two year,No
13,55.95,734.35,Yes,Regular,Medium,Month-to-month,DSL
17,20.65,330.6,No,Regular,Low,One year,No
1,55.0,55.0,Yes,New,Medium,Month-to-month,DSL
9,70.05,564.4,No,New,High,Month-to-month,DSL
24,53.6,1315.35,No,Regular,Medium,Month-to-month,DSL
1,74.7,74.7,Yes,New,High,Month-to-month,Fiber optic
24,80.25,1861.5,Yes,Regular,High,Month-to-month,Fiber optic
35,76.05,2747.2,No,Regular,High,Month-to-month,DSL
7,75.7,554.05,No,New,High,Month-to-month,DSL
5,96.1,453.4,Yes,New,High,Month-to-month,Fiber optic
15,69.0,994.8,Yes,Regular,Medium,Month-to-month,Fiber optic
11,19.65,225.75,No,New,Low,Two year,No
48,45.3,2145.0,Yes,Loyal,Medium,Month-to-month,DSL
20,81.45,1671.6,No,Regular,High,Month-to-month,Fiber optic
72,108.5,8003.8,No,Champion,High,One year,Fiber optic
8,83.55,680.05,Yes,New,High,Month-to-month,Fiber optic
72,84.5,6130.85,No,Champion,High,Two year,Fiber optic
15,100.15,1415.0,No,Regular,High,Month-to-month,Fiber optic
72,88.6,6201.95,No,Champion,High,Two year,DSL
0,52.55,1397.475,No,,Medium,Two year,DSL
1,74.35,74.35,Yes,New,High,Month-to-month,Fiber optic
63,104.8,6597.25,No,Champion,High,Two year,Fiber optic
2,59.0,114.15,No,New,Medium,Month-to-month,DSL
2,74.4,139.4,Yes,New,High,Month-to-month,Fiber optic
61,64.05,3902.6,No,Champion,Medium,One year,DSL
1,20.4,20.4,No,New,Low,Month-to-month,No
22,43.75,903.6,Yes,Regular,Medium,One year,DSL
28,60.9,1785.65,No,Regular,Medium,Month-to-month,DSL
70,19.8,1397.65,No,Champion,Low,Two year,No
5,28.45,131.05,Yes,New,Low,Month-to-month,DSL
12,99.7,1238.45,Yes,New,High,Month-to-month,Fiber optic
34,116.25,3899.05,No,Regular,High,One year,Fiber optic
71,80.7,5676.0,No,Champion,High,Two year,Fiber optic
70,65.2,4543.15,No,Champion,Medium,One year,DSL
52,84.05,4326.8,No,Loyal,High,Month-to-month,Fiber optic
69,79.45,5502.55,No,Champion,High,Two year,DSL
20,94.1,1782.4,Yes,Regular,High,Month-to-month,Fiber optic
11,78.0,851.8,No,New,High,Month-to-month,Fiber optic
2,94.2,167.5,Yes,New,High,Month-to-month,Fiber optic
6,80.5,502.85,Yes,New,High,Month-to-month,Fiber optic
1,19.85,19.85,No,New,Low,Month-to-month,No
20,94.3,1818.3,No,Regular,High,One year,Fiber optic
61,106.45,6300.15,No,Champion,High,Month-to-month,Fiber optic
5,74.35,334.8,Yes,New,High,Month-to-month,Fiber optic
56,105.45,5916.95,No,Loyal,High,Month-to-month,Fiber optic
30,95.0,2852.4,No,Regular,High,Month-to-month,Fiber optic
40,104.8,4131.95,Yes,Loyal,High,Month-to-month,Fiber optic
28,54.3,1546.3,No,Regular,Medium,One year,DSL
5,70.05,302.6,No,New,High,Month-to-month,Fiber optic
27,75.2,1929.35,Yes,Regular,High,Month-to-month,Fiber optic
12,20.05,265.45,No,New,Low,Month-to-month,No
67,105.4,6989.45,No,Champion,High,One year,Fiber optic
29,51.6,1442.0,No,Regular,Medium,Month-to-month,DSL
55,85.5,4713.4,No,Loyal,High,Month-to-month,Fiber optic
23,75.6,1758.6,Yes,Regular,High,Month-to-month,Fiber optic
34,100.05,3480.0,Yes,Regular,High,Month-to-month,Fiber optic
52,91.25,4738.3,No,Loyal,High,One year,Fiber optic
72,115.75,8399.15,No,Champion,High,Two year,Fiber optic
58,94.7,5430.35,No,Loyal,High,One year,Fiber optic
35,19.6,686.95,No,Regular,Low,Two year,No
56,99.9,5706.3,No,Loyal,High,Two year,Fiber optic
24,21.1,490.65,No,Regular,Low,Two year,No
70,20.05,1360.25,No,Champion,Low,Two year,No
2,79.95,174.45,No,New,High,Month-to-month,Fiber optic
68,107.15,7379.8,No,Champion,High,One year,Fiber optic
1,85.0,85.0,Yes,New,High,Month-to-month,Fiber optic
12,89.55,1021.75,No,New,High,Month-to-month,Fiber optic
63,81.55,5029.05,No,Champion,High,Month-to-month,Fiber optic
33,58.45,1955.4,No,Regular,Medium,One year,DSL
69,95.65,6744.2,No,Champion,High,One year,Fiber optic
60,80.6,4946.7,No,Loyal,High,Two year,DSL
72,113.1,8248.5,No,Champion,High,Two year,Fiber optic
11,58.95,601.6,No,New,Medium,Month-to-month,DSL
1,19.55,19.55,No,New,Low,Month-to-month,No
10,86.05,834.1,Yes,New,High,Month-to-month,Fiber optic
13,45.55,597.0,Yes,Regular,Medium,Month-to-month,DSL
34,78.95,2647.2,No,Regular,High,One year,Fiber optic
39,86.3,3266.0,Yes,Loyal,High,Month-to-month,Fiber optic
65,105.05,6744.25,No,Champion,High,One year,Fiber optic
50,101.9,5265.5,No,Loyal,High,One year,Fiber optic
15,19.75,311.6,No,Regular,Low,Month-to-month,No
72,110.3,7966.9,No,Champion,High,Two year,Fiber optic
72,115.6,8220.4,No,Champion,High,Two year,Fiber optic
55,19.35,1153.25,No,Loyal,Low,Two year,No
23,25.6,514.75,No,Regular,Low,Two year,No
32,80.35,2596.15,Yes,Regular,High,Month-to-month,Fiber optic
56,68.75,3808.0,No,Loyal,Medium,One year,DSL
1,19.9,19.9,No,New,Low,Month-to-month,No
38,70.6,2708.2,No,Loyal,High,One year,DSL
11,70.2,760.05,No,New,High,Month-to-month,Fiber optic
1,49.3,49.3,No,New,Medium,Month-to-month,DSL
56,107.25,6033.3,No,Loyal,High,One year,Fiber optic
3,23.6,89.05,No,New,Low,Month-to-month,No
7,69.7,516.15,No,New,Medium,Month-to-month,DSL
59,99.5,5861.75,No,Loyal,High,Two year,Fiber optic
7,64.3,445.95,No,New,Medium,Month-to-month,DSL
71,70.85,4973.4,No,Champion,High,Two year,DSL
15,101.9,1667.25,No,Regular,High,One year,Fiber optic
71,73.5,5357.75,No,Champion,High,Two year,DSL
35,100.25,3527.6,Yes,Regular,High,Month-to-month,Fiber optic
11,40.4,422.6,No,New,Medium,One year,DSL
60,19.25,1103.25,No,Loyal,Low,Two year,No
47,59.6,2754.0,No,Loyal,Medium,Two year,DSL
11,64.9,697.25,No,New,Medium,One year,DSL
56,100.3,5614.45,Yes,Loyal,High,One year,Fiber optic
28,110.85,3204.4,No,Regular,High,Month-to-month,Fiber optic
61,81.05,4747.65,No,Champion,High,Two year,DSL
31,98.05,3082.1,No,Regular,High,One year,Fiber optic
9,70.5,597.9,No,New,High,Month-to-month,Fiber optic
35,94.55,3365.4,No,Regular,High,Month-to-month,Fiber optic
2,19.65,38.8,No,New,Low,Month-to-month,No
12,19.0,233.55,Yes,New,Low,Month-to-month,No
1,75.3,75.3,Yes,New,High,Month-to-month,Fiber optic
4,89.2,346.2,Yes,New,High,Month-to-month,Fiber optic
1,19.0,19.0,No,New,Low,Month-to-month,No
3,20.0,61.7,No,New,Low,Month-to-month,No
1,85.7,85.7,Yes,New,High,Month-to-month,Fiber optic
52,63.25,3342.45,No,Loyal,Medium,Two year,DSL
5,20.1,85.1,No,New,Low,One year,No
72,99.15,7422.1,No,Champion,High,Two year,Fiber optic
71,90.4,6668.05,No,Champion,High,Two year,DSL
72,111.9,8071.05,No,Champion,High,Two year,Fiber optic
46,24.9,1174.8,No,Loyal,Low,One year,No
63,83.5,5435.0,No,Champion,High,Two year,DSL
30,84.3,2438.6,No,Regular,High,Month-to-month,Fiber optic
1,45.6,45.6,No,New,Medium,Month-to-month,DSL
12,61.65,713.75,Yes,New,Medium,Month-to-month,DSL
16,54.85,916.15,No,Regular,Medium,Two year,DSL
4,65.55,237.2,No,New,Medium,Month-to-month,DSL
51,90.35,4614.55,No,Loyal,High,One year,Fiber optic
65,20.4,1414.45,No,Champion,Low,Two year,No
16,74.55,1170.5,No,Regular,High,Month-to-month,Fiber optic
2,19.95,47.7,No,New,Low,One year,No
66,74.25,4859.25,No,Champion,High,One year,Fiber optic
46,108.65,4903.2,No,Loyal,High,Two year,Fiber optic
32,109.55,3608.0,No,Regular,High,One year,Fiber optic
72,86.65,6094.25,No,Champion,High,Two year,DSL
38,81.0,3084.9,No,Loyal,High,Two year,DSL
51,47.85,2356.75,No,Loyal,Medium,One year,DSL
72,114.55,8306.05,No,Champion,High,Two year,Fiber optic
65,105.25,6786.4,Yes,Champion,High,Month-to-month,Fiber optic
9,29.95,248.95,Yes,New,Low,Month-to-month,DSL
9,65.0,663.05,Yes,New,Medium,Month-to-month,DSL
66,20.55,1357.1,No,Champion,Low,Two year,No
44,109.8,4860.35,No,Loyal,High,One year,Fiber optic
50,69.5,3418.2,No,Loyal,Medium,Two year,DSL
15,48.85,631.4,No,Regular,Medium,Month-to-month,DSL
8,25.25,186.3,No,New,Low,Month-to-month,DSL
66,102.85,6976.75,No,Champion,High,One year,Fiber optic
57,87.55,4884.85,No,Loyal,High,Month-to-month,Fiber optic
7,78.55,522.95,No,New,High,Month-to-month,Fiber optic
10,34.55,362.6,No,New,Medium,Month-to-month,DSL
62,92.05,5755.8,No,Champion,High,One year,Fiber optic
40,85.05,3355.65,No,Loyal,High,One year,Fiber optic
20,19.7,406.95,No,Regular,Low,Two year,No
7,20.0,137.6,Yes,New,Low,Month-to-month,No
25,95.15,2395.7,No,Regular,High,Month-to-month,Fiber optic
23,84.25,1968.1,No,Regular,High,Month-to-month,Fiber optic
66,104.6,6819.45,No,Champion,High,One year,Fiber optic
72,111.65,7943.45,No,Champion,High,Two year,Fiber optic
49,90.05,4547.25,Yes,Loyal,High,Month-to-month,Fiber optic
43,110.75,4687.9,Yes,Loyal,High,Month-to-month,Fiber optic
46,55.0,2473.95,No,Loyal,Medium,Month-to-month,DSL
72,89.85,6562.9,No,Champion,High,Two year,DSL
10,20.35,176.3,No,New,Low,One year,No
40,54.55,2236.2,No,Loyal,Medium,One year,DSL
65,105.5,6985.65,Yes,Champion,High,Month-to-month,Fiber optic
31,99.45,3109.9,No,Regular,High,Two year,Fiber optic
68,70.9,4911.35,No,Champion,High,Two year,DSL
56,104.55,5794.65,Yes,Loyal,High,One year,Fiber optic
10,85.25,855.3,Yes,New,High,Month-to-month,Fiber optic
68,25.4,1620.2,No,Champion,Low,Two year,No
43,56.15,2499.3,Yes,Loyal,Medium,Month-to-month,DSL
1,89.55,89.55,Yes,New,High,Month-to-month,Fiber optic
49,89.85,4287.2,No,Loyal,High,One year,Fiber optic
15,25.25,394.85,No,Regular,Low,Month-to-month,No
20,94.55,1899.65,Yes,Regular,High,Month-to-month,Fiber optic
1,45.7,45.7,Yes,New,Medium,Month-to-month,DSL
50,69.65,3442.15,No,Loyal,Medium,One year,DSL
2,89.5,161.5,Yes,New,High,Month-to-month,Fiber optic
24,70.0,1732.6,No,Regular,High,Month-to-month,Fiber optic
3,69.55,222.3,Yes,New,Medium,Month-to-month,Fiber optic
1,74.6,74.6,Yes,New,High,Month-to-month,Fiber optic
35,20.1,655.3,No,Regular,Low,Two year,No
17,24.8,475.25,No,Regular,Low,Month-to-month,No
8,19.65,164.3,Yes,New,Low,Month-to-month,No
10,95.1,865.1,No,New,High,Month-to-month,Fiber optic
68,88.85,6132.7,No,Champion,High,Two year,DSL
45,78.8,3597.5,No,Loyal,High,One year,DSL
2,19.85,35.9,Yes,New,Low,One year,No
37,20.35,697.65,No,Loyal,Low,Month-to-month,No
4,24.25,96.05,Yes,New,Low,Month-to-month,DSL
10,45.25,428.7,No,New,Medium,Month-to-month,DSL
1,20.05,20.05,No,New,Low,Month-to-month,No
65,69.55,4459.15,No,Champion,Medium,Two year,DSL
57,19.5,1167.6,No,Loyal,Low,Two year,No
3,74.75,238.1,No,New,High,Month-to-month,Fiber optic
2,69.65,145.15,Yes,New,Medium,Month-to-month,Fiber optic
49,30.2,1453.1,No,Loyal,Medium,Month-to-month,DSL
4,45.65,191.05,Yes,New,Medium,Month-to-month,DSL
70,57.8,4039.3,No,Champion,Medium,Two year,DSL
53,19.85,1039.45,No,Loyal,Low,One year,No
53,25.55,1336.1,No,Loyal,Low,Two year,No
1,75.05,75.05,Yes,New,High,Month-to-month,Fiber optic
22,24.85,493.4,No,Regular,Low,Month-to-month,No
52,49.15,2550.9,Yes,Loyal,Medium,Month-to-month,DSL
65,110.35,7246.15,No,Champion,High,Two year,Fiber optic
48,24.55,1203.95,No,Loyal,Low,One year,No
2,34.7,62.25,Yes,New,Medium,Month-to-month,DSL
3,107.95,313.6,No,New,High,Month-to-month,Fiber optic
45,81.4,3775.85,No,Loyal,High,Month-to-month,Fiber optic
1,80.0,80.0,Yes,New,High,Month-to-month,Fiber optic
61,73.8,4616.05,No,Champion,High,Two year,DSL
3,64.4,195.65,No,New,Medium,Month-to-month,DSL
40,103.75,4188.4,No,Loyal,High,One year,Fiber optic
1,71.1,71.1,No,New,High,Month-to-month,Fiber optic
1,49.9,49.9,No,New,Medium,Month-to-month,DSL
51,24.6,1266.4,No,Loyal,Low,One year,No
2,49.25,91.1,Yes,New,Medium,Month-to-month,DSL
52,30.1,1623.4,No,Loyal,Medium,One year,DSL
51,83.4,4149.45,No,Loyal,High,Month-to-month,Fiber optic
1,20.45,20.45,No,New,Low,Month-to-month,No
31,75.25,2344.5,No,Regular,High,One year,DSL
47,20.55,1013.05,No,Loyal,Low,One year,No
3,75.1,270.7,Yes,New,High,Month-to-month,Fiber optic
22,20.05,417.0,No,Regular,Low,One year,No
1,20.65,20.65,No,New,Low,Month-to-month,No
72,85.15,6316.2,No,Champion,High,Two year,DSL
3,50.15,168.15,Yes,New,Medium,Month-to-month,DSL
47,84.95,4018.05,No,Loyal,High,One year,Fiber optic
72,66.5,4811.6,No,Champion,Medium,Two year,DSL
66,63.3,4189.7,No,Champion,Medium,Two year,DSL
35,83.15,2848.45,No,Regular,High,Month-to-month,Fiber optic
29,84.9,2516.2,No,Regular,High,Month-to-month,Fiber optic
2,20.55,33.6,No,New,Low,Month-to-month,No
4,49.25,208.45,No,New,Medium,Month-to-month,DSL
25,79.85,2015.35,Yes,Regular,High,Month-to-month,Fiber optic
65,59.6,3739.8,No,Champion,Medium,Two year,DSL
27,104.65,2964.0,No,Regular,High,One year,Fiber optic
29,75.3,2263.4,No,Regular,High,Month-to-month,Fiber optic
29,80.1,2211.8,No,Regular,High,Month-to-month,DSL
1,19.55,19.55,Yes,New,Low,Month-to-month,No
20,81.0,1683.7,No,Regular,High,Month-to-month,Fiber optic
58,24.7,1519.0,No,Loyal,Low,Two year,No
14,86.0,1164.05,No,Regular,High,Month-to-month,Fiber optic
72,25.4,1710.9,No,Champion,Low,Two year,No
46,89.15,4245.55,No,Loyal,High,Month-to-month,Fiber optic
71,58.25,4145.9,No,Champion,Medium,Two year,DSL
32,85.65,2664.3,No,Regular,High,Month-to-month,Fiber optic
26,50.35,1277.5,No,Regular,Medium,Month-to-month,DSL
68,80.35,5589.3,No,Champion,High,Month-to-month,Fiber optic
2,20.2,34.75,No,New,Low,One year,No
61,20.55,1305.95,No,Champion,Low,Two year,No
4,85.95,381.3,Yes,New,High,Month-to-month,Fiber optic
3,45.35,141.5,Yes,New,Medium,Month-to-month,DSL
33,94.5,3105.55,Yes,Regular,High,Month-to-month,Fiber optic
9,21.25,204.55,No,New,Low,Month-to-month,No
22,26.25,605.9,No,Regular,Low,Two year,No
5,80.85,356.1,No,New,High,Month-to-month,Fiber optic
30,91.7,2758.15,Yes,Regular,High,Month-to-month,Fiber optic
65,74.2,4805.65,No,Champion,High,Two year,DSL
45,87.25,3941.7,Yes,Loyal,High,Month-to-month,Fiber optic
5,20.35,92.75,No,New,Low,Month-to-month,No
25,75.5,1901.05,No,Regular,High,Month-to-month,Fiber optic
72,79.05,5730.7,No,Champion,High,Two year,Fiber optic
27,90.15,2423.4,No,Regular,High,Month-to-month,Fiber optic
32,50.6,1653.45,No,Regular,Medium,Month-to-month,DSL
30,110.45,3327.05,No,Regular,High,One year,Fiber optic
70,101.0,7085.5,No,Champion,High,Two year,Fiber optic
42,79.35,3344.1,No,Loyal,High,Month-to-month,Fiber optic
72,89.85,6697.35,No,Champion,High,Two year,DSL
47,65.0,2879.9,No,Loyal,Medium,Two year,DSL
2,80.45,137.1,No,New,High,Month-to-month,Fiber optic
10,98.55,1008.55,Yes,New,High,Month-to-month,Fiber optic
61,24.1,1551.6,No,Champion,Low,Two year,No
5,44.05,202.15,No,New,Medium,Month-to-month,DSL
72,110.8,7882.25,No,Champion,High,Two year,Fiber optic
72,114.95,8196.4,No,Champion,High,Two year,Fiber optic
3,75.05,202.9,No,New,High,Month-to-month,Fiber optic
48,19.25,855.1,No,Loyal,Low,Two year,No
63,90.05,5817.0,No,Champion,High,One year,Fiber optic
27,56.7,1652.95,No,Regular,Medium,Month-to-month,DSL
70,80.15,5600.15,No,Champion,High,Two year,DSL
7,71.35,515.75,No,New,High,Month-to-month,DSL
0,20.25,1397.475,No,,Low,Two year,No
2,90.35,190.5,No,New,High,Month-to-month,Fiber optic
20,98.55,1842.8,Yes,Regular,High,Month-to-month,Fiber optic
66,19.7,1253.8,No,Champion,Low,Two year,No
3,19.85,57.2,No,New,Low,Month-to-month,No
15,85.9,1269.55,Yes,Regular,High,Month-to-month,Fiber optic
72,90.35,6563.4,No,Champion,High,Two year,Fiber optic
1,20.8,20.8,No,New,Low,Month-to-month,No
22,89.25,1907.85,Yes,Regular,High,Month-to-month,Fiber optic
3,70.3,208.85,Yes,New,High,Month-to-month,Fiber optic
72,66.85,4758.8,No,Champion,Medium,Two year,DSL
65,19.9,1292.6,No,Champion,Low,Two year,No
11,35.8,363.15,No,New,Medium,Month-to-month,DSL
22,78.85,1600.25,No,Regular,High,Month-to-month,Fiber optic
14,20.4,275.7,No,Regular,Low,One year,No
41,74.25,3089.1,No,Loyal,High,Month-to-month,Fiber optic
17,64.8,1175.6,No,Regular,Medium,One year,DSL
11,20.45,237.3,No,New,Low,Month-to-month,No
15,93.35,1444.65,Yes,Regular,High,Month-to-month,Fiber optic
1,19.9,19.9,Yes,New,Low,Month-to-month,No
5,88.9,454.15,Yes,New,High,Month-to-month,Fiber optic
33,95.8,3036.75,Yes,Regular,High,One year,Fiber optic
72,110.65,8065.65,No,Champion,High,Two year,Fiber optic
3,40.3,92.5,No,New,Medium,Month-to-month,DSL
2,82.0,184.65,Yes,New,High,Month-to-month,Fiber optic
59,107.0,6152.3,No,Loyal,High,One year,Fiber optic
2,45.35,89.5,Yes,New,Medium,Month-to-month,DSL
71,73.35,5154.5,No,Champion,High,Two year,DSL
5,44.8,220.45,No,New,Medium,Month-to-month,DSL
27,54.75,1510.3,No,Regular,Medium,Month-to-month,DSL
1,52.2,52.2,Yes,New,Medium,Month-to-month,DSL
63,40.6,2588.95,No,Champion,Medium,One year,DSL
46,110.0,4874.8,Yes,Loyal,High,One year,Fiber optic
72,55.3,3983.6,No,Champion,Medium,Two year,DSL
34,60.85,2003.6,No,Regular,Medium,Month-to-month,DSL
24,78.4,1832.4,No,Regular,High,One year,DSL
72,69.65,4908.25,No,Champion,Medium,Two year,DSL
60,59.85,3590.2,No,Loyal,Medium,Two year,DSL
68,76.9,5023.0,No,Champion,High,One year,DSL
8,19.85,146.6,No,New,Low,Two year,No
34,67.65,2339.3,No,Regular,Medium,Two year,DSL
6,45.0,298.7,No,New,Medium,Month-to-month,DSL
2,64.2,143.65,No,New,Medium,Month-to-month,DSL
31,81.7,2548.65,No,Regular,High,One year,Fiber optic
20,25.55,507.4,No,Regular,Low,Month-to-month,No
1,20.0,20.0,No,New,Low,Month-to-month,No
62,96.75,6125.4,Yes,Champion,High,One year,Fiber optic
70,75.65,5411.4,No,Champion,High,Two year,Fiber optic
10,98.5,1058.25,Yes,New,High,Month-to-month,Fiber optic
39,23.8,903.8,No,Loyal,Low,Two year,No
46,64.2,3009.5,No,Loyal,Medium,Two year,DSL
6,85.35,489.45,Yes,New,High,Month-to-month,Fiber optic
72,76.8,5468.45,No,Champion,High,Two year,DSL
18,55.2,1058.1,No,Regular,Medium,Month-to-month,DSL
71,108.55,7616.0,No,Champion,High,Two year,Fiber optic
40,101.3,4113.1,Yes,Loyal,High,Month-to-month,Fiber optic
1,69.55,69.55,Yes,New,Medium,Month-to-month,Fiber optic
58,103.25,6017.65,Yes,Loyal,High,One year,Fiber optic
70,104.0,7250.15,Yes,Champion,High,Two year,Fiber optic
42,25.25,1108.2,No,Loyal,Low,Two year,No
34,30.4,938.65,No,Regular,Medium,One year,DSL
5,20.05,94.15,No,New,Low,Month-to-month,No
25,84.6,2088.05,No,Regular,High,Month-to-month,Fiber optic
2,86.2,178.7,Yes,New,High,Month-to-month,Fiber optic
55,103.7,5656.75,No,Loyal,High,One year,Fiber optic
21,111.2,2317.1,Yes,Regular,High,Month-to-month,Fiber optic
70,88.0,5986.45,No,Champion,High,Two year,Fiber optic
61,106.35,6751.35,No,Champion,High,Month-to-month,Fiber optic
43,79.15,3566.6,No,Loyal,High,Two year,DSL
47,103.1,4889.3,No,Loyal,High,One year,Fiber optic
5,63.95,318.1,No,New,Medium,Month-to-month,DSL
62,25.8,1563.95,No,Champion,Low,Two year,No
16,89.45,1430.25,Yes,Regular,High,Month-to-month,Fiber optic
7,95.6,644.35,Yes,New,High,Month-to-month,Fiber optic
14,25.55,372.45,No,Regular,Low,Month-to-month,No
60,90.95,5453.4,Yes,Loyal,High,One year,Fiber optic
34,44.85,1442.6,No,Regular,Medium,Month-to-month,DSL
50,108.55,5610.7,Yes,Loyal,High,One year,Fiber optic
38,25.05,963.95,No,Loyal,Low,Two year,No
70,74.1,5222.3,No,Champion,High,One year,DSL
37,88.8,3340.55,No,Loyal,High,Month-to-month,Fiber optic
4,78.85,292.8,Yes,New,High,Month-to-month,Fiber optic
60,93.25,5774.55,No,Loyal,High,Month-to-month,Fiber optic
62,71.4,4487.3,No,Champion,High,One year,DSL
1,44.4,44.4,Yes,New,Medium,Month-to-month,DSL
36,79.2,2854.95,No,Regular,High,Month-to-month,DSL
44,20.4,905.55,No,Loyal,Low,Two year,No
55,100.0,5509.3,Yes,Loyal,High,One year,Fiber optic
72,105.0,7589.8,No,Champion,High,Two year,Fiber optic
12,19.8,229.6,Yes,New,Low,One year,No
13,30.85,394.1,No,Regular,Medium,Month-to-month,DSL
1,89.9,89.9,Yes,New,High,Month-to-month,Fiber optic
15,20.55,295.95,No,Regular,Low,One year,No
65,84.85,5459.2,No,Champion,High,Two year,DSL
12,33.15,444.75,No,New,Medium,One year,DSL
72,92.0,6782.15,No,Champion,High,Two year,DSL
72,89.8,6510.45,No,Champion,High,Two year,DSL
72,115.8,8476.5,No,Champion,High,Two year,Fiber optic
52,85.15,4461.85,No,Loyal,High,Two year,DSL
2,24.85,62.0,No,New,Low,Month-to-month,No
5,64.35,352.65,No,New,Medium,Month-to-month,DSL
68,20.5,1424.9,No,Champion,Low,Two year,No
62,100.15,6413.65,Yes,Champion,High,One year,Fiber optic
72,86.05,6309.65,No,Champion,High,Two year,DSL
1,50.8,50.8,Yes,New,Medium,Month-to-month,DSL
66,89.0,5898.6,No,Champion,High,One year,Fiber optic
72,64.8,4719.75,No,Champion,Medium,Two year,DSL
26,19.8,457.3,No,Regular,Low,One year,No
64,93.4,5822.3,No,Champion,High,Two year,Fiber optic
20,73.65,1463.5,Yes,Regular,High,Month-to-month,Fiber optic
3,95.1,307.4,Yes,New,High,Month-to-month,Fiber optic
22,94.65,2104.55,Yes,Regular,High,Month-to-month,Fiber optic
4,80.6,319.15,Yes,New,High,Month-to-month,Fiber optic
62,39.0,2337.45,No,Champion,Medium,Two year,DSL
5,20.5,104.3,No,New,Low,Month-to-month,No
59,85.55,5084.65,Yes,Loyal,High,One year,Fiber optic
3,26.4,121.25,No,New,Low,Two year,No
72,98.2,7015.9,No,Champion,High,Two year,Fiber optic
57,97.55,5598.0,No,Loyal,High,One year,Fiber optic
66,19.95,1269.1,No,Champion,Low,Two year,No
60,50.8,3027.4,Yes,Loyal,Medium,Month-to-month,DSL
45,99.7,4634.35,No,Loyal,High,Two year,Fiber optic
3,34.8,113.95,No,New,Medium,Month-to-month,DSL
15,105.1,1582.75,Yes,Regular,High,Month-to-month,Fiber optic
51,60.15,3077.0,No,Loyal,Medium,One year,DSL
60,64.75,4039.5,No,Loyal,Medium,One year,DSL
33,54.65,1665.2,No,Regular,Medium,Month-to-month,DSL
10,110.1,1043.3,Yes,New,High,Month-to-month,Fiber optic
26,19.3,504.2,No,Regular,Low,One year,No
6,83.9,497.55,Yes,New,High,Month-to-month,Fiber optic
67,111.25,7511.65,No,Champion,High,One year,Fiber optic
49,35.8,1782.0,No,Loyal,Medium,One year,DSL
1,20.05,20.05,No,New,Low,Month-to-month,No
7,84.35,609.65,No,New,High,Month-to-month,Fiber optic
27,110.5,2857.6,No,Regular,High,One year,Fiber optic
37,91.2,3247.55,No,Loyal,High,One year,Fiber optic
63,100.55,6215.35,Yes,Champion,High,Month-to-month,Fiber optic
31,89.3,2823.0,No,Regular,High,Month-to-month,Fiber optic
50,103.85,5017.9,Yes,Loyal,High,Month-to-month,Fiber optic
32,81.1,2619.25,No,Regular,High,Month-to-month,Fiber optic
1,24.6,24.6,Yes,New,Low,Month-to-month,DSL
63,81.2,4965.1,No,Champion,High,One year,Fiber optic
30,94.3,2679.7,No,Regular,High,Month-to-month,Fiber optic
71,116.1,8310.55,No,Champion,High,Two year,Fiber optic
53,105.55,5682.25,No,Loyal,High,Two year,Fiber optic
12,98.9,1120.95,Yes,New,High,Month-to-month,Fiber optic
50,94.4,4914.9,No,Loyal,High,Month-to-month,Fiber optic
2,19.5,27.55,No,New,Low,Month-to-month,No
9,98.3,923.5,Yes,New,High,Month-to-month,Fiber optic
17,93.85,1625.65,Yes,Regular,High,Month-to-month,Fiber optic
56,105.6,6068.65,No,Loyal,High,One year,Fiber optic
67,81.35,5398.6,No,Champion,High,Two year,DSL
9,100.5,918.6,Yes,New,High,Month-to-month,Fiber optic
4,56.4,234.85,No,New,Medium,Month-to-month,DSL
19,65.35,1231.85,No,Regular,Medium,One year,DSL
8,19.95,170.9,No,New,Low,Month-to-month,No
71,111.25,7984.15,No,Champion,High,Two year,Fiber optic
10,72.85,688.65,Yes,New,High,Month-to-month,Fiber optic
15,89.0,1288.3,No,Regular,High,Month-to-month,Fiber optic
72,106.1,7848.5,No,Champion,High,One year,Fiber optic
12,20.05,267.0,No,New,Low,One year,No
72,25.2,1798.9,No,Champion,Low,Two year,No
1,73.55,73.55,Yes,New,High,Month-to-month,Fiber optic
23,75.4,1643.55,No,Regular,High,Month-to-month,Fiber optic
72,65.55,4807.45,No,Champion,Medium,Two year,DSL
26,80.7,2193.0,No,Regular,High,Month-to-month,Fiber optic
21,104.55,2239.4,No,Regular,High,One year,Fiber optic
60,24.15,1505.9,No,Loyal,Low,One year,No
12,20.45,255.35,No,New,Low,Month-to-month,No
16,75.4,1189.4,No,Regular,High,Month-to-month,Fiber optic
63,79.7,4786.15,No,Champion,High,One year,DSL
22,81.7,1820.9,No,Regular,High,Month-to-month,Fiber optic
32,76.3,2404.15,No,Regular,High,Month-to-month,DSL
3,79.4,205.05,Yes,New,High,Month-to-month,Fiber optic
13,81.15,952.3,Yes,Regular,High,Month-to-month,Fiber optic
68,103.75,7039.45,No,Champion,High,Two year,Fiber optic
30,86.45,2538.05,No,Regular,High,One year,Fiber optic
16,75.1,1212.85,No,Regular,High,Month-to-month,Fiber optic
33,80.6,2651.1,No,Regular,High,Two year,Fiber optic
72,19.3,1304.8,No,Champion,Low,Two year,No
4,84.6,360.1,Yes,New,High,Month-to-month,Fiber optic
12,33.6,435.45,No,New,Medium,One year,DSL
4,83.25,308.05,No,New,High,Month-to-month,Fiber optic
0,80.85,1397.475,No,,High,Two year,DSL
6,79.05,434.5,Yes,New,High,Month-to-month,Fiber optic
65,108.05,7118.9,No,Champion,High,One year,Fiber optic
15,19.9,320.45,No,Regular,Low,Month-to-month,No
24,21.05,531.55,No,Regular,Low,One year,No
13,30.15,382.2,No,Regular,Medium,Month-to-month,DSL
24,79.85,2001.0,No,Regular,High,Month-to-month,Fiber optic
72,65.5,4919.7,No,Champion,Medium,Two year,DSL
54,104.1,5645.8,No,Loyal,High,Month-to-month,Fiber optic
3,74.4,215.8,Yes,New,High,Month-to-month,Fiber optic
4,20.5,77.6,No,New,Low,Month-to-month,No
32,91.35,2896.55,No,Regular,High,Month-to-month,Fiber optic
35,99.05,3395.8,Yes,Regular,High,Month-to-month,Fiber optic
35,20.5,759.35,No,Regular,Low,Two year,No
2,44.95,85.15,Yes,New,Medium,Month-to-month,DSL
8,75.6,535.55,No,New,High,Month-to-month,Fiber optic
22,55.1,1253.15,No,Regular,Medium,Month-to-month,DSL
15,58.95,955.15,No,Regular,Medium,Month-to-month,DSL
22,95.1,2162.6,No,Regular,High,Month-to-month,Fiber optic
1,44.7,44.7,Yes,New,Medium,Month-to-month,DSL
71,25.45,1813.35,No,Champion,Low,Two year,No
4,56.75,245.15,No,New,Medium,Month-to-month,DSL
25,81.75,2028.8,No,Regular,High,Month-to-month,DSL
32,86.1,2723.75,No,Regular,High,Month-to-month,Fiber optic
7,29.8,220.45,No,New,Low,Month-to-month,DSL
17,20.5,365.8,No,Regular,Low,One year,No
8,60.9,551.95,No,New,Medium,Month-to-month,DSL
56,73.25,4054.2,No,Loyal,High,Two year,DSL
1,45.7,45.7,Yes,New,Medium,Month-to-month,DSL
8,100.3,832.35,Yes,New,High,Month-to-month,Fiber optic
7,19.25,112.3,Yes,New,Low,Month-to-month,No
3,20.85,60.65,No,New,Low,Month-to-month,No
71,77.35,5550.1,No,Champion,High,Two year,DSL
2,96.0,174.8,Yes,New,High,Month-to-month,Fiber optic
1,90.55,90.55,Yes,New,High,Month-to-month,Fiber optic
49,93.85,4733.1,No,Loyal,High,Month-to-month,Fiber optic
58,70.1,4048.95,No,Loyal,High,Two year,DSL
44,30.35,1359.7,Yes,Loyal,Medium,Month-to-month,DSL
59,75.95,4542.35,No,Loyal,High,Two year,DSL
71,108.05,7532.15,Yes,Champion,High,Two year,Fiber optic
1,69.9,69.9,Yes,New,Medium,Month-to-month,Fiber optic
11,75.25,888.65,No,New,High,Month-to-month,Fiber optic
62,103.75,6383.35,Yes,Champion,High,One year,Fiber optic
35,54.95,1916.0,No,Regular,Medium,One year,DSL
20,19.5,413.0,No,Regular,Low,Month-to-month,No
40,19.6,808.95,No,Loyal,Low,Two year,No
39,47.85,1886.4,No,Loyal,Medium,One year,DSL
1,86.6,86.6,Yes,New,High,Month-to-month,Fiber optic
72,23.75,1679.25,No,Champion,Low,Two year,No
33,80.6,2656.5,Yes,Regular,High,Month-to-month,Fiber optic
12,43.8,540.95,No,New,Medium,Month-to-month,DSL
1,19.75,19.75,No,New,Low,Month-to-month,No
27,19.15,537.35,No,Regular,Low,Month-to-month,No
34,19.6,678.8,No,Regular,Low,One year,No
56,80.3,4513.65,No,Loyal,High,Two year,Fiber optic
58,24.35,1423.85,No,Loyal,Low,Two year,No
22,25.25,555.4,No,Regular,Low,Two year,No
10,26.1,225.55,No,New,Low,Two year,No
13,20.0,268.45,No,Regular,Low,Two year,No
35,85.3,2917.5,Yes,Regular,High,Month-to-month,Fiber optic
34,70.0,2416.1,Yes,Regular,High,Month-to-month,Fiber optic
4,94.3,424.45,Yes,New,High,Month-to-month,Fiber optic
72,20.7,1492.1,No,Champion,Low,Two year,No
2,70.3,132.4,No,New,High,Month-to-month,DSL
